"","p_val","avg_log2FC","pct.1","pct.2","p_val_adj","cluster","gene"
"LAIR2",0,2.83111697390545,0.998,0.011,0,"0","LAIR2"
"TNFRSF18",3.62833768932724e-91,0.793321096409,0.786,0.569,9.54252812293064e-87,"0","TNFRSF18"
"S100A4",3.70110974399328e-83,0.529142122529485,0.983,0.926,9.73391862670233e-79,"0","S100A4"
"BATF",4.62571816398689e-69,0.620903983973531,0.805,0.633,1.21656387712855e-64,"0","BATF"
"TNFRSF4",1.45368815569636e-63,0.825190082630454,0.771,0.582,3.82319984948142e-59,"0","TNFRSF4"
"CD177",2.80107951570035e-53,0.751227504021773,0.164,0.05,7.36683912629191e-49,"0","CD177"
"LAYN",1.5788597242326e-52,0.524329995440091,0.351,0.173,4.15240107473174e-48,"0","LAYN"
"IL2RA",2.05101238568037e-43,0.623046282306241,0.556,0.38,5.39416257433937e-39,"0","IL2RA"
"PKM",1.36234697188436e-39,0.624708276070465,0.685,0.543,3.58297253605587e-35,"0","PKM"
"CD7",6.68159097988561e-38,0.509431547913366,0.842,0.738,1.75725842770991e-33,"0","CD7"
"IFI6",6.09500309706547e-37,0.523362532313891,0.45,0.278,1.60298581452822e-32,"0","IFI6"
"LGALS1",2.554344428709e-34,0.661800725114801,0.556,0.409,6.71792584750468e-30,"0","LGALS1"
"MT-RNR2",2.50285084762987e-56,0.979632144415701,0.198,0.062,6.58249772926655e-52,"1","MT-RNR2"
"TMEM66",1.77143557399328e-49,0.977541166073089,0.157,0.047,4.65887555960233e-45,"1","TMEM66"
"PTPRCAP",1.50532413179553e-47,1.00739920411859,0.157,0.049,3.95900246662225e-43,"1","PTPRCAP"
"IGJ",4.92243839798458e-41,1.05724616222038,0.162,0.056,1.29460129866994e-36,"1","IGJ"
"C17orf76-AS1",1.70828885542445e-34,0.746875379177186,0.133,0.046,4.49279968976631e-30,"1","C17orf76-AS1"
"GAS5",1.8789605700198e-34,0.742969395203258,0.125,0.041,4.94166629915208e-30,"1","GAS5"
"MT-RNR1",2.89227442492226e-32,0.663498200719906,0.129,0.044,7.60668173754555e-28,"1","MT-RNR1"
"IGHA1",5.80525503995582e-31,0.916959181309958,0.514,0.388,1.52678207550838e-26,"1","IGHA1"
"IL2RA1",0,1.42262868894293,0.993,0.288,0,"2","IL2RA"
"AC002331.1",0,2.36620915912728,1,0.106,0,"3","AC002331.1"
"CTLA4",0,1.51973304999934,1,0.294,0,"4","CTLA4"
"IGJ1",3.79230928610405e-34,1.60669260913427,0.189,0.066,9.97377342245364e-30,"4","IGJ"
"MT-RNR21",8.42322074166374e-31,1.21474417348268,0.203,0.078,2.21530705505756e-26,"4","MT-RNR2"
"MT-RNR11",1.22582748939639e-25,0.914288366810576,0.149,0.052,3.2239262971125e-21,"4","MT-RNR1"
"C17orf76-AS11",1.64386722592142e-23,0.681667776624446,0.149,0.054,4.32337080417334e-19,"4","C17orf76-AS1"
"TMEM661",9.17490074738552e-21,0.674985021244258,0.153,0.061,2.41299889656239e-16,"4","TMEM66"
"GAS51",1.00560568636136e-19,0.590756968498946,0.132,0.05,2.64474295513037e-15,"4","GAS5"
"IGHA11",1.07904036613498e-19,1.17070729102375,0.528,0.402,2.83787616293501e-15,"4","IGHA1"
"KLRB1",2.06302552754206e-16,0.718117697196464,0.487,0.354,5.42575713743562e-12,"4","KLRB1"
"CCR7",1.45283399182588e-07,0.501430155990101,0.201,0.133,0.00382095339850206,"4","CCR7"
"LAG3",1.30172025282497e-05,0.687185774189498,0.165,0.115,0.342352426492967,"4","LAG3"
"HSPA6",0,5.35126752567803,0.812,0.034,0,"5","HSPA6"
"HSPA1B",0,3.95230652889214,0.961,0.269,0,"5","HSPA1B"
"BAG3",0,2.76845679080136,0.617,0.052,0,"5","BAG3"
"HSPA1A",3.04678835818569e-277,3.73899764452662,0.972,0.385,8.01305338202836e-273,"5","HSPA1A"
"DNAJA4",9.89615126918072e-277,2.01946468895851,0.526,0.053,2.60268778379453e-272,"5","DNAJA4"
"SERPINH1",9.03263057920258e-225,2.30799171584804,0.452,0.05,2.37558184233028e-220,"5","SERPINH1"
"DNAJB1",3.26928258632932e-224,3.10685279405544,0.965,0.53,8.59821320204612e-220,"5","DNAJB1"
"DNAJB4",5.34338975314094e-205,1.93835125070758,0.478,0.063,1.40531150507607e-200,"5","DNAJB4"
"ZFAND2A",4.47373455889194e-195,2.67463930839905,0.565,0.101,1.17659218898858e-190,"5","ZFAND2A"
"RGS2",4.85959199771427e-191,2.71295705491082,0.76,0.219,1.27807269539885e-186,"5","RGS2"
"HSP90AA1",6.41692705244035e-188,2.79472718624515,0.989,0.809,1.68765181479181e-183,"5","HSP90AA1"
"RGS16",2.25458010044108e-173,1.56359340143454,0.361,0.039,5.92954566416003e-169,"5","RGS16"
"HSPB1",3.1662648047574e-167,2.6134436634773,0.885,0.445,8.32727643651196e-163,"5","HSPB1"
"HSPH1",1.34121363092505e-152,2.1821836141247,0.745,0.255,3.52739184933288e-148,"5","HSPH1"
"RHOB",1.65375761309524e-147,2.09274823489442,0.519,0.11,4.34938252244048e-143,"5","RHOB"
"TNF",2.95830418094552e-134,1.58726902982045,0.37,0.056,7.78033999588671e-130,"5","TNF"
"TNFSF14",3.16714318388873e-122,1.25684645872922,0.312,0.043,8.32958657362735e-118,"5","TNFSF14"
"HSPD1",1.71935494085051e-119,2.01513730543416,0.794,0.365,4.52190349443683e-115,"5","HSPD1"
"RPS4Y1",1.35752125761498e-115,1.14235784326498,0.742,0.23,3.57028090752739e-111,"5","RPS4Y1"
"CACYBP",1.56528729136439e-108,1.69018484655334,0.842,0.454,4.11670557628834e-104,"5","CACYBP"
"GADD45B",5.43701684236255e-106,2.00854567118842,0.645,0.227,1.42993542954135e-101,"5","GADD45B"
"HSPA8",5.16301295691649e-102,1.8378846123309,0.965,0.801,1.35787240766904e-97,"5","HSPA8"
"NR4A1",1.01283963056346e-99,1.24946154716076,0.433,0.102,2.6637682283819e-95,"5","NR4A1"
"ATF3",4.11923915093821e-98,1.5074777552043,0.327,0.06,1.08335989669675e-93,"5","ATF3"
"JUN",2.02407256891055e-93,2.03913535050683,0.918,0.671,5.32331085623474e-89,"5","JUN"
"HSP90AB1",4.34956914243843e-93,1.58630063315625,0.911,0.655,1.14393668446131e-88,"5","HSP90AB1"
"UBB",7.46360384959632e-89,1.39602599286131,0.97,0.861,1.96292781244383e-84,"5","UBB"
"ID2",1.93453057143692e-87,1.7376254348095,0.814,0.429,5.08781540287909e-83,"5","ID2"
"RASD1",2.32321843948393e-86,0.67563367743769,0.134,0.009,6.11006449584273e-82,"5","RASD1"
"FKBP4",2.94716693791231e-84,1.31494674000084,0.437,0.119,7.75104904670937e-80,"5","FKBP4"
"GADD45G",1.08501691263933e-81,1.79713078077825,0.416,0.111,2.85359448024144e-77,"5","GADD45G"
"DNAJA1",1.40070379996351e-78,1.71647536604072,0.797,0.484,3.68385099390402e-74,"5","DNAJA1"
"HSPA2",7.21228209252789e-76,0.755010329940996,0.169,0.019,1.89683019033483e-71,"5","HSPA2"
"DEDD2",1.51453331970156e-74,1.17530114994462,0.481,0.156,3.9832226308151e-70,"5","DEDD2"
"HSPE1",3.8247589295768e-73,1.46260528411813,0.842,0.553,1.0059115984787e-68,"5","HSPE1"
"MRPL18",4.50092272702505e-73,1.4271416177807,0.548,0.209,1.18374267720759e-68,"5","MRPL18"
"PLK2",6.92296318327649e-70,0.611339150383468,0.13,0.012,1.82073931720172e-65,"5","PLK2"
"MXD1",1.08382418149586e-68,0.780019416605902,0.203,0.032,2.85045759733412e-64,"5","MXD1"
"TPT1",7.77893729253854e-68,0.669735394596164,0.994,0.986,2.04586050793764e-63,"5","TPT1"
"CEBPD",6.79637075276226e-67,0.684720898364277,0.145,0.016,1.78744550797647e-62,"5","CEBPD"
"MB21D1",1.16822310886453e-65,0.815454890243949,0.251,0.05,3.07242677631371e-61,"5","MB21D1"
"IER5",5.17628887279266e-64,1.22193909932197,0.344,0.093,1.36136397354447e-59,"5","IER5"
"TNFSF9",1.0184104575454e-58,0.515196778328175,0.108,0.01,2.67841950334441e-54,"5","TNFSF9"
"SLC20A1",3.253634875284e-58,0.800422008892237,0.301,0.076,8.55705972199691e-54,"5","SLC20A1"
"NEU1",2.51621318741669e-56,1.11042377097423,0.379,0.122,6.61764068290589e-52,"5","NEU1"
"IFNG",1.17768236559154e-54,1.12466129486407,0.145,0.02,3.09730462150575e-50,"5","IFNG"
"ANXA1",1.23585416264848e-54,1.63475350444273,0.37,0.119,3.2502964477655e-50,"5","ANXA1"
"NFKBIE",4.83015457817782e-54,0.627765528981644,0.242,0.054,1.27033065406077e-49,"5","NFKBIE"
"CHORDC1",5.3376884387129e-54,1.024615555684,0.429,0.151,1.40381205938149e-49,"5","CHORDC1"
"RP1-34B20.21",1.00410479479573e-53,0.706724042468253,0.16,0.025,2.64079561031278e-49,"5","RP1-34B20.21"
"NKRF",1.28671291779599e-52,0.505134030645186,0.145,0.021,3.38405497380347e-48,"5","NKRF"
"PLIN2",1.46777969055327e-51,1.99403547568612,0.522,0.247,3.8602605861551e-47,"5","PLIN2"
"UBC",1.49415106766988e-51,1.13228227990635,0.97,0.911,3.92961730797179e-47,"5","UBC"
"PPP1R15A",1.48009319370288e-50,1.0844481666171,0.777,0.479,3.89264509943858e-46,"5","PPP1R15A"
"CD83",6.02071117566704e-50,1.53532954353929,0.403,0.147,1.58344703920043e-45,"5","CD83"
"KLF2",7.9053672370323e-47,1.1141836030209,0.325,0.104,2.07911158333949e-42,"5","KLF2"
"CCL20",9.57525862522023e-47,1.78652458664494,0.502,0.224,2.51829301843292e-42,"5","CCL20"
"SGK1",2.07910413836777e-45,0.667517568506934,0.203,0.046,5.46804388390723e-41,"5","SGK1"
"HIST1H2BD",2.09266024622016e-45,0.563669644287256,0.143,0.024,5.50369644755901e-41,"5","HIST1H2BD"
"ERN1",1.27464706431735e-44,0.588029488349367,0.184,0.038,3.35232177915463e-40,"5","ERN1"
"OSM",1.23871838402779e-43,0.663443860390793,0.121,0.018,3.2578293499931e-39,"5","OSM"
"AHSA1",1.21754453436849e-42,0.895429722593772,0.468,0.202,3.20214212538913e-38,"5","AHSA1"
"CITED2",5.49387058978604e-42,1.48921415971776,0.461,0.21,1.44488796511373e-37,"5","CITED2"
"SERTAD1",7.59554598538888e-40,0.962314334191656,0.426,0.177,1.99762859415728e-35,"5","SERTAD1"
"JMJD6",7.3434607340391e-38,0.62731902491647,0.314,0.109,1.93133017305228e-33,"5","JMJD6"
"DUSP1",2.10760545738759e-37,1.39618773843476,0.84,0.744,5.54300235292936e-33,"5","DUSP1"
"GIMAP7",1.9492551425763e-36,0.87142128472227,0.39,0.162,5.12654102497567e-32,"5","GIMAP7"
"CCL5",2.46813857473954e-36,1.36442059683653,0.245,0.076,6.491204451565e-32,"5","CCL5"
"CDC42EP3",1.28603690584562e-35,0.819582441446092,0.316,0.119,3.38227706237398e-31,"5","CDC42EP3"
"CISH",7.87543379706722e-35,0.59713071768504,0.214,0.06,2.07123908862868e-30,"5","CISH"
"IGHG4",3.09057335211149e-34,0.574751242430889,0.554,0.267,8.12820791605322e-30,"5","IGHG4"
"CD40LG",3.10086857539467e-34,0.591318418157204,0.199,0.054,8.15528435328799e-30,"5","CD40LG"
"TCP1",4.11358833850542e-34,0.78972924565831,0.459,0.224,1.08187373302692e-29,"5","TCP1"
"ABHD3",6.08399651429531e-34,0.601650529705245,0.327,0.122,1.60009108325967e-29,"5","ABHD3"
"H2AFX",2.1737974364453e-33,0.873527708286339,0.271,0.094,5.71708725785113e-29,"5","H2AFX"
"DOK2",2.8540533405003e-32,0.820578967958163,0.597,0.344,7.5061602855158e-28,"5","DOK2"
"UPP1",2.99103167740857e-31,0.62584000633174,0.323,0.125,7.86641331158454e-27,"5","UPP1"
"GIMAP4",5.2717869158193e-31,0.690795123019728,0.333,0.133,1.38647995886048e-26,"5","GIMAP4"
"ANKRD37",1.53858395111275e-29,0.967216223379677,0.249,0.088,4.04647579142655e-25,"5","ANKRD37"
"IL23A",1.63318914049294e-29,0.687115142262962,0.182,0.052,4.29528743949644e-25,"5","IL23A"
"EGR1",1.8743734891565e-29,0.718466084347758,0.238,0.08,4.92960227648159e-25,"5","EGR1"
"IGHG3",3.57564816622986e-29,0.744165051508732,0.481,0.242,9.40395467718453e-25,"5","IGHG3"
"TNFAIP8",9.78371747410464e-29,0.807132166162396,0.474,0.25,2.57311769568952e-24,"5","TNFAIP8"
"GZMA",8.01749420558976e-28,0.636686488541385,0.258,0.092,2.10860097607011e-23,"5","GZMA"
"CTSW",8.27765688011635e-28,0.549132838965228,0.104,0.02,2.1770237594706e-23,"5","CTSW"
"CSF1",1.24384058625407e-27,0.648371879994998,0.19,0.059,3.27130074184821e-23,"5","CSF1"
"JAML",1.62194163585364e-27,0.525600200702166,0.279,0.106,4.26570650229508e-23,"5","JAML"
"MYC",4.55172212222051e-27,0.746161878361127,0.16,0.045,1.19710291814399e-22,"5","MYC"
"TNFSF13B",4.31608011331486e-26,0.52911440501715,0.203,0.067,1.13512906980181e-21,"5","TNFSF13B"
"DNTTIP2",1.5419509820643e-25,0.575094389075643,0.31,0.131,4.0553310828291e-21,"5","DNTTIP2"
"TAF7",2.18717603950483e-24,0.679076258879562,0.558,0.329,5.75227298389769e-20,"5","TAF7"
"TIFA",2.57713692421756e-24,0.762268194511406,0.305,0.131,6.77787011069219e-20,"5","TIFA"
"EIF4A2",5.74941693024071e-24,0.59696907354237,0.784,0.587,1.51209665265331e-19,"5","EIF4A2"
"ANKRD28",1.40420827544953e-23,0.540800305625931,0.182,0.06,3.69306776443227e-19,"5","ANKRD28"
"XBP1",1.78382359610348e-23,0.685309044073767,0.364,0.173,4.69145605775215e-19,"5","XBP1"
"IRF1",1.2665691208797e-22,0.614830737194048,0.606,0.373,3.33107678791361e-18,"5","IRF1"
"CLK1",2.26198754175129e-22,0.784470729506689,0.589,0.386,5.94902723480589e-18,"5","CLK1"
"IFRD1",1.87436253582783e-21,0.696826370718203,0.442,0.248,4.9295734692272e-17,"5","IFRD1"
"PIM1",2.50529186357534e-21,0.532228870858715,0.459,0.25,6.58891760120316e-17,"5","PIM1"
"TUBB4B",3.86649074329104e-21,0.699670674872176,0.491,0.284,1.01688706548554e-16,"5","TUBB4B"
"PLK3",6.20175430676727e-21,0.602955111242923,0.4,0.212,1.63106138267979e-16,"5","PLK3"
"SRSF7",9.22246984602649e-21,0.800938836610016,0.755,0.624,2.42550956950497e-16,"5","SRSF7"
"SRSF3",1.03205459104127e-20,0.599633355500877,0.729,0.531,2.71430357443853e-16,"5","SRSF3"
"CCT4",1.1129149069984e-20,0.564984331206778,0.472,0.268,2.92696620540579e-16,"5","CCT4"
"CDKN2C",1.65635830612587e-20,0.513051794061149,0.167,0.057,4.35622234511104e-16,"5","CDKN2C"
"DDIT4",2.48675129181193e-20,1.11669946140462,0.686,0.507,6.54015589746538e-16,"5","DDIT4"
"BTG2",6.25541874037424e-20,0.821524870444488,0.558,0.36,1.64517512871843e-15,"5","BTG2"
"IER3",3.05574141343326e-19,0.597215225892024,0.234,0.1,8.03659991732947e-15,"5","IER3"
"FOS",7.22924901835793e-19,1.14602248838643,0.755,0.602,1.90129249182814e-14,"5","FOS"
"HSPA5",1.14484477080496e-18,0.799825994235501,0.485,0.295,3.01094174721705e-14,"5","HSPA5"
"DDIT3",1.18732916882844e-18,0.597487013696194,0.212,0.088,3.1226757140188e-14,"5","DDIT3"
"CAPG",2.05369689592771e-18,0.538577116376434,0.31,0.153,5.40122283628988e-14,"5","CAPG"
"IER2",1.29592502814765e-17,0.913787407108,0.591,0.4,3.40828282402832e-13,"5","IER2"
"MID1IP1",1.95586263997594e-17,0.575415160261482,0.143,0.05,5.14391874313672e-13,"5","MID1IP1"
"MYADM",2.19346965781768e-17,0.556435283427139,0.292,0.142,5.76882520006051e-13,"5","MYADM"
"CLEC2B",4.00310108672264e-17,0.872147225887572,0.348,0.189,1.05281558580805e-12,"5","CLEC2B"
"IGLC2",9.32470710563117e-17,0.739505041628676,0.58,0.352,2.452397968781e-12,"5","IGLC2"
"G0S2",4.22094781425319e-16,0.589643501928331,0.102,0.03,1.11010927514859e-11,"5","G0S2"
"ID3",1.07602341090129e-15,0.714710969169635,0.286,0.145,2.82994157067038e-11,"5","ID3"
"TUBA4A",1.51892052509948e-15,0.581496732068924,0.403,0.235,3.99476098101164e-11,"5","TUBA4A"
"TAGAP",2.05456902191796e-15,0.59064094661793,0.284,0.147,5.40351652764424e-11,"5","TAGAP"
"SOD2",5.40481169539421e-14,0.54444178246972,0.37,0.21,1.42146547588868e-09,"5","SOD2"
"CD69",9.67168140814261e-14,1.10102499344221,0.597,0.46,2.54365221034151e-09,"5","CD69"
"TUBA1C",1.43455704874885e-13,0.562612053516908,0.249,0.13,3.77288503820949e-09,"5","TUBA1C"
"NUDC",2.46063410722565e-13,0.50064011999624,0.437,0.277,6.47146770200347e-09,"5","NUDC"
"CKS2",7.16757423738489e-13,0.659680226449012,0.327,0.196,1.88507202443223e-08,"5","CKS2"
"KLRB11",9.35831435466186e-13,0.545359370191346,0.524,0.358,2.46123667527607e-08,"5","KLRB1"
"KCNQ1OT1",1.04299566540157e-12,0.508689394432579,0.13,0.051,2.74307860000613e-08,"5","KCNQ1OT1"
"SOD1",1.85953281919026e-11,0.527722417876328,0.831,0.766,4.89057131447038e-07,"5","SOD1"
"DUSP2",1.92079940406506e-10,0.755916698136768,0.535,0.414,5.0517024326911e-06,"5","DUSP2"
"FOSB",2.51827929469192e-08,0.529053488252179,0.435,0.306,0.000662307454503976,"5","FOSB"
"CCL4",0.000139867391073131,1.33943637405569,0.121,0.072,1,"5","CCL4"
